num_forms,num_password_inputs,num_iframes,num_scripts,num_external_scripts,num_links,file_id,label
1,0,0,36,27,108,1,1
0,0,1,39,17,252,10,1
0,0,0,22,16,25,100,1
1,0,11,26,19,207,1000,1
1,0,0,12,8,519,1002,1
1,1,1,10,5,139,1003,1
1,0,1,86,62,64,1006,1
0,0,0,36,20,36,1009,1
2,0,0,6,4,135,1010,1
0,0,0,28,6,50,1014,1
2,0,0,5,2,62,1015,1
3,1,0,13,11,36,1016,1
1,0,1,9,3,89,1018,1
0,0,0,27,18,142,1021,1
3,0,2,10,5,34,1025,0
1,0,0,60,17,35,1026,1
1,0,0,15,12,277,1027,1
0,0,0,13,4,80,103,1
0,0,0,17,8,24,1030,1
13,0,0,70,38,201,1031,1
0,0,0,14,7,0,1033,0
1,0,0,15,9,162,1035,1
7,0,0,0,0,65,1036,1
1,0,2,25,13,138,1037,1
1,0,1,8,7,78,1038,1
0,0,2,9,9,54,1040,1
2,1,0,5,4,69,1041,1
2,0,2,30,7,369,1042,1
1,0,1,44,26,180,1044,1
2,0,0,6,3,71,1045,1
0,0,2,11,6,70,1046,1
1,0,0,11,5,241,1047,1
3,0,1,82,80,143,1051,1
0,0,0,63,43,68,1053,1
1,0,0,8,3,32,1054,1
2,0,1,17,5,89,1055,1
3,0,5,45,28,228,1057,1
1,0,0,14,8,525,1058,1
0,0,0,5,1,28,1059,1
1,0,1,28,11,300,106,1
0,0,0,2,1,23,1060,1
1,0,0,23,17,195,1063,1
0,0,0,2,1,0,1064,0
2,0,2,3,3,198,1065,1
1,0,1,28,23,298,1066,1
1,0,1,5,0,101,1067,1
1,0,0,39,15,47,1068,1
3,0,0,33,14,252,1069,1
4,0,2,49,34,196,107,1
1,0,0,24,15,192,1070,1
1,0,1,89,52,82,1072,1
3,0,1,22,8,937,1073,1
3,0,0,19,6,965,1074,1
0,0,0,1,0,199,1075,1
0,0,0,3,3,46,1076,1
3,0,0,11,5,275,1077,1
3,0,0,13,11,36,1078,1
0,0,0,20,11,66,1079,1
2,0,0,4,1,90,108,1
2,0,0,58,37,106,1080,1
0,0,0,88,1,68,1082,1
3,0,0,50,15,97,1084,1
0,0,0,0,0,0,1085,0
4,1,1,10,6,142,1088,1
4,0,0,51,16,618,1089,1
0,0,0,29,14,40,1090,1
1,0,0,16,8,510,1092,1
0,0,0,23,11,20,1093,1
3,0,0,16,10,104,1095,1
1,0,1,38,25,402,1098,1
9,0,3,47,14,323,1099,1
1,0,1,15,2,222,11,1
3,0,0,61,57,93,1100,1
2,0,1,4,1,86,1102,1
1,0,0,36,24,50,1105,1
1,0,0,29,12,56,1106,1
2,0,2,71,40,349,1107,1
0,0,0,0,0,0,1108,1
0,0,0,18,18,11,111,1
0,0,0,22,18,84,1110,1
0,0,0,26,17,26,1113,1
3,0,1,17,8,268,1115,1
0,0,1,59,14,241,1117,1
2,0,3,31,16,341,1119,1
1,0,2,7,3,37,1120,1
2,0,1,18,8,36,1124,1
0,0,0,28,11,37,1125,1
1,0,0,12,8,125,1128,1
1,0,0,51,36,124,1129,1
0,0,0,4,2,27,113,1
0,0,0,1,0,0,1130,0
0,0,0,7,7,55,1132,1
1,0,0,12,7,77,1133,1
0,0,0,13,8,65,1134,1
0,0,0,16,14,48,1135,1
0,0,0,0,0,0,1136,0
2,0,0,38,21,80,1137,1
0,0,0,5,4,92,1138,1
2,0,0,20,17,70,114,1
4,0,1,66,23,196,1140,1
3,0,1,13,9,228,1142,1
0,0,0,9,5,0,1143,1
0,0,0,4,3,73,1144,1
0,0,0,53,10,23,1147,1
1,0,0,25,16,72,1148,1
0,0,0,7,3,17,1149,1
0,0,0,35,13,23,1150,1
3,0,5,110,35,255,1151,1
0,0,0,0,0,0,1155,0
3,0,0,26,11,78,1157,1
0,0,1,42,24,132,1158,1
2,0,0,35,25,69,1159,1
1,0,0,33,13,119,116,1
1,0,0,45,15,127,1164,1
2,0,1,87,71,79,1166,1
4,0,2,8,5,120,1167,1
2,0,0,25,17,296,1168,1
3,0,1,39,9,89,1169,1
2,0,1,17,8,82,117,1
1,0,0,55,53,78,1170,1
2,0,1,12,7,134,1171,1
1,0,0,54,33,162,1172,1
0,0,0,4,2,56,1175,1
1,0,0,15,9,19,1176,1
25,0,3,62,23,118,1177,1
0,0,0,29,11,64,1179,1
0,0,0,1,0,110,118,1
5,0,3,15,7,180,1181,1
0,0,1,28,20,56,1182,1
0,0,0,9,7,13,1184,1
0,0,0,12,9,55,1185,1
1,0,1,27,8,454,1187,1
0,0,0,1,0,0,1188,0
6,0,0,29,7,178,119,1
0,0,0,19,16,35,1190,1
0,0,0,15,5,23,1193,1
1,0,1,17,4,107,1194,1
1,0,0,46,27,154,1195,1
1,0,0,42,26,40,1196,1
1,0,1,23,10,32,1197,1
0,0,3,18,15,92,1198,1
2,0,1,18,15,151,1199,1
1,0,0,0,0,19,12,0
2,0,0,56,45,44,120,1
0,0,0,8,3,18,1200,1
1,0,0,6,3,12,1201,1
1,0,0,9,6,32,1202,1
1,0,1,37,21,101,1203,1
1,0,2,59,11,22,1204,1
2,0,0,28,15,257,1205,1
2,1,0,3,2,36,1208,1
3,0,1,15,8,78,1210,1
0,0,0,1,0,0,1212,1
1,0,0,28,14,19,1214,1
0,0,0,3,1,50,1216,1
4,1,0,45,25,133,1217,1
0,0,1,7,2,120,1218,1
3,0,0,64,22,216,1220,1
3,0,0,90,54,596,1221,1
0,0,0,58,11,52,1222,1
4,0,1,33,13,160,1225,1
3,0,2,47,14,332,1226,1
1,0,0,5,3,65,1227,1
1,0,0,62,33,67,1228,1
3,0,0,25,3,92,1229,1
1,0,0,7,4,18,123,1
0,0,0,8,5,86,1230,1
1,0,0,12,9,167,1232,1
0,0,0,3,1,6,1234,1
0,0,1,22,18,37,1236,1
0,0,1,5,5,39,1237,1
2,0,0,11,5,100,1240,1
1,0,1,25,10,28,1242,1
0,0,0,2,1,0,1243,0
1,0,1,24,20,439,1244,1
2,0,0,10,5,156,1246,1
1,0,1,9,4,131,1247,1
0,0,0,3,1,1,1248,1
3,0,1,4,2,91,1249,1
4,0,1,55,16,254,1250,1
1,0,0,50,34,147,1251,1
1,0,1,20,11,107,1252,1
0,0,0,16,4,108,1256,1
3,0,0,64,45,122,1257,1
1,0,0,14,5,763,1259,1
1,0,0,49,31,18,1261,1
2,0,0,35,8,482,1262,1
1,0,0,15,7,87,1263,1
0,0,0,0,0,0,1265,0
1,0,0,8,6,154,1266,1
1,0,1,42,23,256,1267,1
11,0,4,38,24,392,1268,1
1,0,0,19,11,52,1269,1
0,0,1,4,2,58,1270,1
1,0,0,31,16,110,1271,1
2,0,3,43,41,118,1272,1
1,0,0,33,13,89,1273,1
3,0,1,88,51,210,1274,1
0,0,0,8,5,443,1277,1
1,0,0,25,17,144,1278,1
0,0,0,6,6,13,128,1
1,0,0,11,7,67,1281,1
1,0,5,34,19,45,1282,1
2,0,0,28,21,102,1283,1
1,0,0,10,8,114,1284,1
2,0,0,38,20,46,1285,1
1,0,0,33,13,347,1288,1
2,0,1,11,4,194,1289,1
1,0,0,19,11,92,129,1
0,0,0,4,3,72,1290,1
1,0,0,21,15,48,1291,1
3,0,0,15,10,449,1292,1
1,0,2,49,19,117,1294,1
1,0,0,31,12,56,1296,1
0,0,0,0,0,0,1298,1
2,1,0,16,12,85,13,1
3,0,0,44,21,161,1301,1
4,0,0,45,17,91,1303,1
4,0,0,1,0,18,1304,1
0,0,0,3,1,127,1306,1
2,0,0,22,6,82,1307,1
1,0,0,138,113,92,1309,1
6,0,0,55,20,57,131,1
0,0,0,10,10,0,1310,0
2,3,1,34,25,17,1312,1
0,0,0,5,4,68,1314,1
0,0,0,9,8,1,1315,0
2,0,0,14,11,130,1316,1
0,0,0,2,1,0,1318,0
4,1,0,13,10,87,132,1
0,0,0,0,0,63,1321,1
2,0,1,22,14,74,1322,1
0,0,0,0,0,0,1325,0
3,0,0,32,11,145,1326,1
0,0,0,23,12,69,1328,1
1,0,0,7,6,35,1330,1
1,0,0,69,47,107,1331,1
2,0,0,20,11,116,1333,1
1,0,1,16,8,179,1335,1
0,0,1,7,6,32,1339,1
1,0,1,19,14,60,134,1
1,0,0,15,11,32,1340,0
2,0,1,51,15,166,1341,1
0,0,0,17,16,48,1343,1
1,0,0,23,12,64,1345,1
0,0,1,39,21,58,1346,1
5,0,0,93,37,287,1348,1
0,0,0,5,5,69,135,1
1,0,0,4,4,139,1350,1
7,0,3,53,29,138,1351,1
1,0,0,19,11,43,1352,1
2,0,1,8,4,300,1353,1
4,0,0,41,15,105,1356,1
0,0,0,5,5,0,1357,1
6,0,1,14,3,90,1358,1
2,0,14,50,12,728,1359,1
5,0,5,65,30,204,1360,1
0,0,0,26,16,61,1361,1
1,0,0,18,9,87,1367,1
1,0,2,67,27,750,1369,1
2,0,2,5,1,344,137,1
1,0,0,58,37,85,1370,1
0,0,0,5,1,3,1371,1
0,0,2,46,13,222,1372,1
1,0,0,1,0,20,1373,1
1,0,1,11,3,44,1374,1
0,0,1,3,0,65,1377,1
1,0,0,11,6,66,1380,1
2,0,0,30,9,131,1382,1
0,0,0,42,24,81,1383,1
3,1,0,25,6,307,1384,1
10,0,1,42,15,278,1385,1
0,0,1,52,30,62,1386,1
3,0,0,26,15,318,1387,1
13,0,1,65,22,153,1388,1
0,0,0,2,0,101,1390,1
0,0,0,0,0,0,1391,0
1,0,0,5,4,65,1392,1
0,0,0,9,6,44,1397,1
1,0,0,13,5,486,1399,1
1,0,1,39,12,299,140,1
1,0,0,17,6,137,1401,1
0,0,1,3,2,0,1403,1
2,0,0,12,6,51,1405,1
5,2,0,73,41,110,1407,1
2,0,1,8,4,168,1408,1
1,0,0,4,2,108,1409,1
0,0,0,8,6,150,141,1
1,0,0,8,2,62,1411,1
0,0,0,24,13,103,1412,1
5,0,3,80,54,106,1414,1
2,0,0,7,5,48,1415,1
0,0,0,17,7,144,1416,1
1,0,0,13,10,73,1417,1
1,0,0,34,21,141,142,1
0,0,1,15,12,104,1420,1
0,0,1,29,12,101,1421,1
1,0,0,8,6,233,1422,1
0,0,0,16,8,46,1423,1
1,0,0,18,7,58,1424,1
2,0,0,37,11,100,1425,1
0,0,2,14,10,509,1426,1
1,0,1,10,4,31,1427,1
0,0,0,8,0,29,1429,1
0,0,0,30,19,39,143,1
1,0,0,47,33,79,1430,1
0,0,0,7,0,31,1433,1
1,0,0,14,8,168,1434,1
0,0,0,10,4,79,1435,1
4,0,0,55,23,406,1436,1
0,0,3,39,3,418,1437,1
3,0,1,7,5,127,1438,1
3,1,0,12,8,228,1439,1
0,0,1,2,0,269,144,1
0,0,0,4,1,7,1440,1
0,0,0,15,9,32,1442,1
0,0,3,19,13,83,1443,1
0,0,0,5,5,10,1444,0
1,0,0,23,17,46,1445,1
0,0,0,15,6,459,1446,1
18,0,0,41,9,98,1447,1
4,0,0,47,16,66,1451,1
9,2,0,15,8,89,1452,1
0,0,0,9,5,121,1453,1
9,2,0,52,3,364,1456,1
0,0,0,2,1,0,1457,0
0,0,1,16,12,10,146,1
3,0,0,42,17,122,1462,1
7,0,1,60,25,182,1463,1
0,0,1,6,2,16,1464,1
0,0,0,7,4,10,1467,1
1,0,0,31,14,74,1468,1
0,0,0,16,7,118,1469,1
0,0,0,5,5,45,1470,1
0,0,0,29,11,12,1472,1
0,0,2,34,22,44,1473,1
0,0,0,0,0,15,1474,1
2,0,0,27,19,111,1475,1
1,0,0,23,21,44,1476,1
0,0,0,5,3,179,1477,1
0,0,1,22,6,90,1478,1
0,0,1,12,6,405,1482,1
2,0,2,53,39,184,1483,1
0,0,0,1,0,3,1487,0
5,0,1,160,126,185,1488,1
0,0,1,3,3,101,149,1
1,0,0,29,19,111,1492,1
1,0,0,8,4,146,1494,1
0,0,0,19,3,22,1495,1
0,0,0,6,3,114,1497,1
1,0,1,27,3,253,1499,1
3,0,1,27,20,261,15,1
6,1,7,50,36,185,1502,1
1,0,0,8,4,23,1503,1
1,0,0,10,8,116,1504,1
1,0,0,25,24,55,1505,1
0,0,0,25,14,48,1506,1
0,0,0,30,24,11,1509,1
0,0,0,6,2,85,151,1
3,1,0,20,11,381,1510,1
2,0,0,31,22,127,1511,1
0,0,1,17,11,192,1513,1
0,0,0,0,0,2,1515,1
4,0,1,20,12,79,1519,1
1,0,0,1,1,149,1521,1
0,0,0,4,3,27,1522,1
1,0,0,14,11,37,1523,1
2,0,0,1,1,312,1524,1
0,0,0,11,7,11,1525,1
2,0,0,10,9,286,1527,1
3,1,0,9,2,163,1529,1
2,0,1,16,12,102,153,1
0,0,0,27,27,32,1530,1
4,0,1,12,6,51,1531,1
3,0,2,14,12,107,1533,1
0,0,1,7,4,35,1534,1
0,0,0,15,6,61,1535,1
3,0,4,106,64,88,1536,1
0,0,0,27,16,67,1537,1
2,0,0,68,35,236,1538,1
0,0,2,16,12,71,1539,1
4,0,0,3,3,27,154,1
0,0,0,42,34,43,1541,1
0,0,0,12,9,53,1542,1
2,0,1,35,3,107,1543,1
1,0,0,11,5,54,1544,1
0,0,1,10,5,18,1546,1
4,0,1,68,43,443,1547,1
0,0,0,31,12,34,1548,1
4,0,2,48,26,322,1549,1
1,0,2,23,13,32,155,1
1,0,0,5,3,168,1552,1
0,0,0,34,21,36,1553,1
5,0,2,81,34,232,1557,1
2,0,0,11,4,146,1558,1
4,0,0,57,24,370,1559,1
1,0,0,9,9,117,156,1
1,0,0,4,2,17,1560,0
1,0,0,44,11,183,1563,1
0,0,0,5,5,10,1566,0
0,0,1,49,24,35,1569,1
0,0,0,2,1,0,1571,0
1,0,0,36,17,141,1577,1
0,0,0,7,4,18,1579,1
3,0,1,20,14,84,158,1
1,0,5,26,17,192,1580,1
3,0,0,267,8,370,1581,1
0,0,1,26,8,180,1582,1
2,0,0,33,23,42,1583,1
0,0,0,3,1,10,1584,1
7,2,0,130,99,214,1585,0
2,0,1,10,7,122,1589,1
1,0,2,47,18,615,1590,1
1,0,0,13,0,73,1591,1
2,0,1,8,6,63,1592,1
2,0,0,12,11,172,1594,1
1,0,1,10,4,167,1595,1
1,0,1,17,7,318,1597,1
2,0,2,6,4,123,1598,1
0,0,0,5,4,0,16,1
2,0,1,54,43,103,160,1
1,0,0,12,8,47,1602,1
0,0,0,58,48,49,1603,1
1,0,2,21,13,110,1604,1
3,0,2,28,13,156,1605,1
2,0,1,22,12,289,1606,1
1,0,2,23,8,130,1608,1
0,0,0,2,0,12,1609,1
1,0,1,35,21,222,161,1
0,0,2,26,4,77,1610,1
4,0,0,19,10,213,1612,1
15,1,0,158,29,214,1613,1
1,0,0,2,1,215,1615,1
1,0,1,8,4,58,1618,1
1,0,1,34,20,38,1621,1
1,1,1,22,10,205,1622,1
1,0,0,2,1,47,1623,1
3,0,0,14,7,79,1628,1
0,0,0,10,10,24,1631,1
3,0,0,47,7,141,1632,1
0,0,1,30,12,105,1634,1
3,0,0,37,1,127,1635,1
0,0,0,6,3,4,1638,1
1,0,1,18,13,176,1639,1
15,0,1,54,31,608,164,1
1,0,0,22,20,75,1641,1
3,0,2,52,14,272,1642,1
0,0,0,1,0,0,1644,0
3,0,0,43,18,96,1647,1
1,0,0,34,23,83,1648,1
1,0,0,39,14,62,165,1
1,0,2,6,2,36,1650,1
0,0,0,0,0,0,1651,0
0,0,0,2,1,0,1652,0
3,0,0,42,29,69,1654,1
0,0,0,4,2,70,1656,1
4,0,0,48,14,89,1657,1
0,0,0,0,0,0,1660,1
2,0,2,28,6,112,1662,1
1,0,0,56,11,47,1663,0
1,0,1,24,8,30,1664,1
2,0,1,14,10,126,1665,1
2,0,2,40,22,133,1666,1
28,0,0,33,7,252,1667,1
1,0,0,41,34,160,1668,1
0,0,0,10,8,61,1669,1
5,0,0,33,7,90,167,1
2,0,0,59,39,83,1670,1
2,0,2,68,42,80,1673,1
1,0,0,9,8,193,1674,1
1,0,0,2,0,97,1676,1
0,0,0,24,19,111,1677,1
2,0,0,38,11,73,1678,1
1,0,0,29,14,232,1679,1
0,0,0,64,44,190,1681,1
1,0,0,8,4,53,1683,1
1,0,0,6,4,25,1686,1
0,0,0,2,1,0,1687,0
2,0,1,16,2,181,1689,1
2,0,0,10,7,77,169,1
1,0,0,65,55,65,1690,1
0,0,0,1,0,0,1691,0
0,0,0,35,14,48,1692,1
1,0,1,29,22,78,1693,1
2,0,0,3,2,636,1695,1
1,0,0,43,13,66,1696,1
0,0,1,22,6,125,1697,1
7,0,1,41,11,170,170,1
0,0,1,24,13,62,1702,1
1,0,0,0,0,60,1703,1
2,0,1,19,6,309,1704,1
2,0,0,9,8,28,1706,1
2,0,0,12,10,267,1707,1
1,0,0,19,14,209,1708,1
3,0,0,38,18,70,171,1
0,0,0,4,2,1,1710,0
1,0,0,40,24,201,1712,1
1,0,0,8,7,17,1714,1
2,0,0,4,2,57,172,1
0,0,2,16,9,261,1720,1
0,0,0,9,6,92,1722,1
4,1,0,5,3,35,1723,1
1,0,0,14,10,237,1725,1
4,0,3,19,10,275,1728,1
3,0,0,63,30,83,1730,1
0,0,0,17,7,273,1734,1
0,0,1,43,23,103,1736,1
0,0,0,4,1,47,1737,1
1,0,0,13,10,19,1738,1
1,0,0,30,12,131,1739,1
1,0,0,37,10,61,1740,1
2,0,1,13,6,35,1741,1
2,0,0,14,8,91,1744,1
0,0,0,18,16,98,1747,1
3,0,0,6,4,76,1749,0
1,0,0,53,33,127,175,1
0,0,4,11,7,60,1752,1
4,0,0,41,23,118,1754,1
0,0,0,5,1,12,1755,1
0,0,0,2,0,34,1758,1
0,0,0,31,12,209,1759,1
0,0,0,8,7,9,176,1
6,0,1,68,23,615,1761,1
0,0,0,15,10,75,1762,0
1,0,1,17,13,29,1763,1
2,0,0,51,16,458,1764,1
3,0,1,13,9,401,1765,1
0,0,0,2,1,0,1766,1
1,0,0,8,5,33,1767,1
1,0,0,24,18,87,1768,1
2,0,0,47,26,156,177,1
3,0,0,33,15,111,1771,1
1,0,0,4,0,16,1773,1
3,0,2,20,9,182,1774,1
6,2,0,31,10,218,1775,1
0,0,1,15,6,216,1776,1
1,0,0,62,35,64,1777,1
0,0,0,1,0,1,1779,0
2,0,1,14,5,187,178,1
3,0,0,22,14,44,1780,1
1,0,0,30,19,56,1782,1
1,0,0,27,25,59,1783,0
2,0,1,13,4,302,1784,1
1,0,2,43,12,131,1786,1
0,0,1,2,0,11,1787,1
0,0,1,57,9,460,1788,1
1,0,0,7,7,29,1789,1
1,0,8,19,6,914,179,1
2,0,0,38,12,129,1791,1
3,0,0,49,7,198,1793,1
0,0,0,0,0,103,1794,1
5,0,1,9,8,369,1795,1
1,0,0,27,16,98,1797,1
1,0,1,34,13,70,1799,1
4,0,1,55,10,134,18,1
0,0,0,7,5,1,1800,1
0,0,0,19,15,94,1802,1
0,0,0,2,1,1,1804,1
3,0,2,56,29,73,1805,1
0,0,0,0,0,0,1806,0
0,0,0,11,5,43,1809,1
1,0,1,12,7,253,1810,1
4,0,0,19,11,350,1811,1
0,0,0,8,4,672,1812,1
3,2,0,61,2,75,1818,1
2,0,1,114,29,239,1819,1
7,2,0,75,50,154,1820,1
0,0,1,1,0,1,1821,0
2,0,0,44,20,41,1823,1
1,0,0,35,22,208,1824,1
0,0,0,0,0,0,1825,1
1,0,1,6,5,164,1826,1
7,1,0,67,38,399,1827,1
0,0,0,8,6,0,1829,0
1,0,0,23,18,216,183,1
1,0,1,5,2,227,1830,1
1,0,2,49,8,653,1831,1
1,0,1,15,8,117,1832,1
0,0,0,0,0,1,1834,0
1,0,2,34,16,51,1837,1
0,0,0,2,1,0,1838,1
2,0,0,4,2,290,1839,1
2,0,0,19,12,131,184,1
2,0,0,62,58,80,1841,1
0,0,1,7,4,37,1842,1
0,0,2,11,8,58,1843,1
2,0,0,43,25,63,1845,1
1,0,0,24,6,125,1846,1
3,0,0,6,2,216,185,1
1,0,1,13,8,155,1850,1
4,0,2,47,25,149,1851,1
0,0,0,1,0,0,1852,0
1,0,2,66,8,376,1854,1
0,0,1,35,29,83,1855,1
0,0,1,12,0,213,1857,1
1,0,2,8,7,133,1858,1
4,3,1,13,5,44,1861,1
2,0,0,57,28,38,1865,1
7,0,1,48,21,67,1866,1
0,0,0,6,6,101,1867,1
5,0,1,48,41,418,1869,0
1,0,2,15,12,95,187,1
3,0,1,39,11,280,1870,1
1,0,0,19,13,128,1875,1
2,0,0,3,1,15,1876,1
0,0,0,14,14,13,1878,1
1,0,0,10,8,77,1879,1
2,0,0,48,5,148,188,1
4,0,0,82,17,465,1881,1
1,0,2,19,14,49,1882,1
0,0,0,36,23,72,1883,1
0,0,0,0,0,0,1884,0
0,0,0,0,0,0,1885,0
0,0,0,3,1,5,1886,1
4,0,2,56,34,260,1887,1
0,0,1,41,26,102,1888,1
1,0,0,43,24,98,1889,1
0,0,0,20,12,39,189,1
0,0,0,0,0,27,1892,1
12,1,0,51,35,243,1896,1
3,0,1,35,7,136,1897,1
4,0,0,15,12,108,1899,1
3,0,1,101,32,361,19,1
2,0,1,66,49,166,190,1
2,0,1,12,7,165,1900,1
3,0,0,36,20,180,1901,1
0,0,0,53,10,18,1902,1
1,0,1,12,10,93,1904,1
1,0,1,5,2,118,1905,1
2,0,0,27,20,113,1906,1
0,0,0,0,0,0,1909,1
0,0,0,8,3,23,1912,1
2,0,1,9,3,225,1913,1
0,0,1,5,3,35,1915,1
1,0,1,7,4,30,1918,1
3,1,1,60,34,143,192,1
0,0,0,27,20,36,1923,1
0,0,0,2,0,14,1924,0
0,0,0,7,5,16,1925,1
1,0,0,45,33,59,1926,1
0,0,1,54,34,69,1927,1
0,0,0,0,0,1,1928,1
0,0,0,6,2,4,193,1
3,0,0,49,17,293,1931,1
1,0,1,24,11,24,1932,1
0,0,0,14,7,90,1933,1
4,0,0,22,17,316,1934,1
0,0,2,27,5,72,1935,1
2,0,0,41,22,39,1936,1
1,0,0,11,9,105,1937,1
2,0,0,7,5,115,1938,1
6,1,1,43,41,118,1939,1
0,0,0,6,2,297,1942,1
2,0,1,48,21,345,1944,1
0,0,0,0,0,0,1947,0
0,0,0,2,1,0,1948,0
0,0,0,3,1,8,1949,1
0,0,0,23,17,52,1950,1
1,0,0,24,10,595,1951,1
0,0,1,17,7,18,1952,1
1,0,1,17,8,32,1955,1
1,0,0,71,43,90,1956,1
1,0,2,27,14,178,1957,1
1,0,0,14,3,90,1959,1
0,0,0,12,10,32,196,1
1,0,1,47,25,94,1960,1
0,0,3,9,6,49,1961,1
1,0,0,21,15,95,1963,1
1,0,0,14,5,114,1965,1
1,0,1,37,31,158,1966,1
1,0,0,12,8,383,1967,1
1,0,1,5,3,78,1968,1
1,0,1,27,11,317,1969,1
3,0,1,20,17,537,1970,1
0,0,0,24,10,29,1973,1
0,0,0,2,1,0,1974,0
1,0,0,10,6,558,1975,1
2,0,1,6,2,78,1976,1
4,0,0,45,22,74,1977,1
3,1,0,27,15,89,1979,1
3,0,2,67,39,424,1980,1
0,0,0,7,7,79,1981,1
1,0,0,12,8,296,1982,1
1,0,1,32,18,237,1983,1
1,0,3,92,41,265,1986,1
0,0,1,1,1,0,1987,1
1,0,0,8,8,69,1988,1
1,0,0,18,12,822,1989,1
1,0,1,8,5,211,1990,1
2,0,2,44,0,57,1991,1
0,0,0,2,1,0,1992,0
0,0,0,10,6,51,1995,1
3,0,0,2,0,195,1997,1
1,0,0,14,6,113,1999,1
0,0,0,76,55,2,2,1
0,0,0,3,2,48,20,1
1,0,0,19,12,45,2000,1
0,0,0,18,12,0,2017,0
0,0,0,5,4,17,202,1
5,1,1,30,6,1024,203,1
0,0,0,2,1,0,2035,0
3,0,1,16,6,112,204,1
0,0,0,0,0,0,2046,0
0,0,0,13,6,84,206,1
0,0,0,1,0,210,207,1
1,0,0,7,3,56,2076,0
0,0,0,0,0,0,2079,0
1,0,1,11,6,50,208,1
2,0,0,19,9,90,209,1
0,0,0,5,2,0,2091,0
2,0,0,44,26,142,211,1
0,0,0,8,6,0,2129,0
0,0,0,0,0,0,2131,0
0,0,1,6,3,2,215,1
0,0,0,7,5,124,216,1
0,0,0,0,0,0,217,0
1,0,1,70,21,144,218,1
1,0,0,10,6,23,219,1
0,0,0,3,3,25,2195,0
0,0,0,0,0,0,2207,0
1,0,1,26,12,151,221,1
0,0,0,2,1,0,2216,0
0,0,2,22,4,57,222,1
1,0,0,54,10,52,2228,0
1,0,0,22,12,54,223,1
0,0,0,0,0,0,2238,0
1,0,0,12,7,206,224,1
4,0,1,54,31,89,225,1
0,0,0,1,0,2,2252,0
0,0,0,2,1,0,2254,0
0,0,1,32,11,87,226,1
0,0,0,0,0,0,227,1
0,0,1,0,0,0,2273,0
0,0,0,0,0,0,228,0
0,0,0,33,15,84,2289,0
1,0,1,23,9,84,229,1
2,0,1,27,3,120,23,1
0,0,0,19,15,109,230,1
0,0,0,3,2,2,2302,0
2,0,1,11,5,60,231,1
0,0,0,0,0,0,2318,0
2,0,0,17,4,113,232,1
0,0,0,0,0,0,2339,0
0,0,0,5,2,0,2343,0
0,0,2,11,6,55,236,1
1,0,0,7,3,215,237,1
0,0,0,1,0,21,238,0
1,0,0,14,14,143,239,1
0,0,1,19,5,376,24,1
2,0,0,22,13,137,240,1
1,0,1,17,9,121,242,1
0,0,0,0,0,0,2434,0
0,0,0,1,0,0,2456,0
1,0,0,135,113,141,249,1
0,0,0,0,0,0,2490,0
2,0,0,25,22,104,25,1
1,0,1,10,3,200,251,1
0,0,0,28,19,50,2512,0
2,1,0,6,0,6,2531,0
1,0,0,6,4,6,2538,0
2,0,2,82,55,374,255,1
1,0,1,6,3,12,2557,0
0,0,0,15,7,9,2558,0
0,0,0,12,7,39,256,1
0,0,0,0,0,0,2563,0
1,0,0,17,7,203,258,1
2,0,1,21,12,242,259,1
0,0,0,0,0,0,26,1
0,0,0,22,13,74,26099,0
0,0,0,16,4,24,26108,0
1,0,0,65,36,113,26114,0
1,0,0,8,7,65,26132,0
0,0,1,3,1,0,26137,0
2,1,0,10,2,42,26165,0
0,0,0,1,0,0,26169,0
0,0,0,1,0,0,26171,0
0,0,0,0,0,1,26178,0
0,0,0,1,1,56,26180,0
2,0,0,17,12,55,26187,0
0,0,0,1,0,0,2619,0
0,0,0,0,0,0,26199,0
0,0,0,5,2,397,262,1
0,0,0,1,0,8,26217,0
0,0,0,2,2,14,26229,0
0,0,0,1,0,0,26235,0
0,0,0,1,0,0,26242,0
0,0,0,8,2,248,26249,0
1,0,0,1,0,7,26264,0
0,0,0,1,0,0,26268,0
0,0,0,6,4,0,26274,0
0,0,0,2,1,0,26280,0
0,0,0,0,0,0,26285,0
0,0,0,1,0,0,263,1
0,0,0,1,0,0,26310,0
0,0,0,2,1,0,26311,0
0,0,0,1,0,0,26314,0
0,0,0,0,0,0,26324,0
0,0,0,1,0,0,26329,0
1,0,0,4,4,19,26331,0
0,0,0,1,0,0,26334,0
4,0,0,56,20,825,26340,0
0,0,0,4,3,10,26352,0
0,0,0,1,0,0,26363,0
0,0,1,21,16,72,26373,0
0,0,0,1,0,0,26383,0
1,0,0,37,23,40,26387,0
0,0,0,0,0,0,26393,0
0,0,0,6,5,7,26398,0
3,0,1,58,8,354,264,1
1,0,0,16,5,260,26404,0
1,0,1,23,15,56,26406,0
0,0,0,1,0,0,26409,0
2,0,21,16,7,186,26433,0
0,0,0,3,2,181,26436,0
0,0,0,0,0,0,26440,0
0,0,0,16,4,24,26466,0
0,0,0,2,1,42,26482,0
0,0,0,0,0,11,26487,0
2,0,2,61,33,81,265,1
1,0,0,50,25,81,26515,0
0,0,0,80,67,67,26523,0
0,0,0,12,12,13,26526,0
0,0,0,2,1,0,26532,0
0,0,0,1,0,0,26540,0
2,0,0,34,1,297,26543,0
0,0,0,0,0,1,26563,0
11,1,0,24,19,110,26567,0
0,0,0,0,0,0,26583,0
0,0,1,11,6,38,26599,0
2,0,0,4,1,18,26608,0
0,0,0,0,0,0,2661,0
0,0,0,47,30,160,26612,0
0,0,0,12,8,20,26618,0
0,0,0,5,2,0,26621,0
0,0,0,8,4,31,26630,0
3,1,0,26,11,148,26645,0
3,0,0,265,8,334,26651,0
0,0,0,0,0,1,26655,0
0,0,0,6,5,25,26689,0
1,0,0,11,5,16,26702,0
0,0,0,0,0,0,26710,0
0,0,0,0,0,0,26757,0
0,0,0,3,2,4,26772,0
0,0,0,6,6,0,26778,0
0,0,0,0,0,0,26781,0
0,0,0,0,0,0,26787,0
3,0,0,30,25,146,26792,0
1,0,0,22,17,34,26798,0
0,0,1,19,10,24,268,1
0,0,0,3,3,0,26802,0
0,0,0,8,6,0,26810,0
0,0,0,0,0,2,26832,0
0,0,0,0,0,4,26837,0
2,0,1,19,11,32,26845,0
0,0,0,5,1,16,26849,0
0,0,0,0,0,0,26863,0
2,0,0,13,3,30,26890,0
3,1,0,9,5,63,26906,0
0,0,0,0,0,1,26918,0
0,0,0,4,2,1,26924,0
0,0,0,42,25,22,26926,0
2,0,0,20,14,133,26948,0
0,0,0,1,0,0,26952,0
0,0,0,0,0,0,26975,0
0,0,0,0,0,1,26987,0
0,0,1,10,3,32,27,1
0,0,1,21,9,150,270,1
6,1,0,9,2,199,27019,0
0,0,0,1,0,0,27022,0
0,0,1,13,2,5,27044,0
0,0,0,2,1,1,27090,0
0,0,2,11,4,12,27130,0
0,0,0,2,1,0,27137,0
0,0,0,1,0,0,27138,0
0,0,0,2,1,0,27148,0
0,0,0,1,0,0,27155,0
0,0,0,2,1,0,27157,0
0,0,0,0,0,2,27163,0
0,0,0,5,5,10,27171,0
0,0,0,5,2,0,27176,0
0,0,0,1,0,0,27180,0
0,0,0,5,5,10,27193,0
0,0,0,16,10,40,27199,0
0,0,0,0,0,0,272,1
0,0,2,11,4,12,2721,0
0,0,0,8,6,0,27215,0
0,0,0,1,0,0,27217,0
0,0,0,55,11,28,27221,0
1,0,0,25,19,108,27252,0
0,0,0,1,0,0,27255,0
0,0,0,9,3,0,27265,0
0,0,0,6,2,104,27277,0
0,0,1,0,0,0,27282,0
0,0,0,1,0,0,27286,0
0,0,0,0,0,0,273,0
0,0,0,0,0,0,27316,0
1,0,0,30,15,86,27335,0
1,0,2,33,25,36,27341,0
0,0,0,1,0,0,27353,0
2,1,0,6,0,6,27363,0
0,0,0,2,1,0,27365,0
0,0,0,1,0,5,27374,0
0,0,0,4,2,0,27379,0
0,0,0,0,0,0,27396,0
0,0,0,0,0,5,27399,0
0,0,0,25,9,64,274,1
0,0,0,3,0,0,27406,0
0,0,0,0,0,2,27412,0
2,1,0,6,0,6,27415,0
0,0,0,16,4,24,27418,0
0,0,0,1,0,6,27433,0
0,0,0,44,32,69,27460,0
0,0,0,8,6,0,27462,0
0,0,0,9,7,2,27495,0
0,0,0,1,0,1,27499,0
4,0,0,67,28,74,275,1
0,0,0,1,0,0,27514,0
0,0,0,1,0,0,27516,0
0,0,0,2,1,0,27518,0
0,0,0,1,0,0,27527,0
0,0,0,1,0,0,27546,0
0,0,0,0,0,0,27548,0
0,0,0,0,0,6,27568,0
0,0,0,1,0,0,2757,0
0,0,0,3,2,7,27583,0
0,0,0,7,5,7,2768,0
2,0,1,8,5,64,277,1
0,0,0,4,2,0,27798,0
0,0,0,2,1,9,27816,0
0,1,0,0,0,2,27818,0
0,0,0,5,2,0,27843,0
0,0,0,1,0,5,27848,0
0,0,0,16,4,24,27849,0
2,0,0,21,14,68,279,1
0,0,0,0,0,6,27903,0
0,0,0,1,0,0,27916,0
0,0,0,2,1,9,27933,0
0,0,0,0,0,0,28015,0
0,0,1,3,3,159,281,1
0,0,0,5,3,32,282,1
0,0,0,61,43,28,2823,0
0,0,0,7,7,1,28237,0
0,0,0,10,8,0,28274,0
2,0,0,40,23,119,283,1
0,0,0,5,5,10,2833,0
0,0,0,0,0,0,28399,0
2,0,1,25,15,200,284,1
0,0,0,0,0,0,28428,0
0,0,0,1,0,0,2858,0
3,0,0,265,8,368,28588,0
1,1,0,18,1,42,28653,0
0,0,0,0,0,0,28702,0
0,0,0,29,12,105,28706,0
0,0,0,5,3,40,289,1
1,0,2,45,5,492,290,1
0,0,0,0,0,0,29022,0
0,0,1,0,0,0,29162,0
0,0,0,0,0,1,29257,0
0,0,1,1,0,1,29300,0
0,0,0,0,0,6,29383,0
0,0,0,2,0,0,29389,0
0,0,0,5,5,10,2939,0
0,0,0,1,0,21,294,0
0,0,0,6,2,1,29437,0
0,0,0,1,0,0,29454,0
0,0,3,33,20,108,295,1
0,0,0,0,0,6,29681,0
1,0,0,31,8,493,297,1
2,1,0,23,7,8,29735,0
0,0,0,7,7,1,29782,0
2,0,0,42,12,84,298,1
0,0,0,1,0,0,2982,0
2,0,1,16,13,67,29863,0
1,0,0,10,7,62,3,1
0,0,0,1,1,10,3007,0
0,0,0,17,11,87,301,1
0,0,0,1,0,1,30113,0
0,0,0,3,1,3,30155,0
0,0,0,0,0,1,30238,0
0,0,0,1,1,0,3027,0
2,0,1,27,13,210,303,1
0,0,0,0,0,0,30345,0
0,0,0,5,0,14,30387,0
0,0,0,4,3,0,30428,0
0,0,0,1,0,0,3047,0
2,0,1,50,24,85,305,1
2,1,0,6,0,6,30561,0
0,0,0,1,0,0,3058,0
0,0,0,1,0,1,30595,0
0,0,0,17,11,33,306,1
0,0,0,4,2,0,30637,0
0,0,0,5,2,0,30643,0
0,0,0,0,0,0,3088,0
0,0,0,0,0,0,309,0
0,0,0,16,4,24,30955,0
1,0,0,5,2,19,31,1
1,0,1,9,2,247,310,1
0,0,0,1,0,0,31032,0
0,0,0,5,2,0,31086,0
3,0,0,47,19,198,311,1
0,0,0,1,0,0,3110,0
0,0,0,1,0,0,3111,0
0,0,0,0,0,0,31119,0
0,0,0,0,0,0,3129,0
2,1,0,6,0,6,31297,0
0,0,1,12,2,0,31307,0
0,0,0,0,0,1,3131,0
2,1,0,6,0,6,31387,0
0,0,4,16,11,122,314,1
0,0,0,10,10,0,31434,0
6,2,0,17,10,151,31523,0
1,0,0,9,5,0,3154,0
0,0,0,23,0,8,3155,0
0,0,0,4,2,0,31589,0
0,0,0,0,0,1,31623,0
0,0,0,1,0,0,31644,0
0,0,0,15,7,0,31693,0
2,0,3,28,15,100,317,1
0,0,0,1,0,8,3171,0
0,0,0,30,23,35,3187,0
1,0,0,36,0,27,3189,0
0,0,0,15,13,13,3190,0
0,0,0,0,0,0,31906,0
0,0,0,0,0,0,3191,0
2,0,1,61,37,119,3196,0
0,0,0,0,0,0,32005,0
0,0,0,4,2,0,32070,0
0,0,0,1,0,0,32144,0
0,0,0,2,1,0,32180,0
0,0,0,6,2,124,322,1
0,0,0,8,6,0,3222,0
0,0,0,1,1,39,32285,0
2,0,0,60,44,227,323,1
0,0,0,5,2,0,3233,0
0,0,0,18,12,0,32367,0
0,0,0,5,2,0,3237,0
0,0,0,1,0,0,324,0
0,0,0,5,2,0,32494,0
0,0,0,2,1,30,325,1
0,0,0,0,0,0,32529,0
1,0,0,5,1,3,3253,0
0,0,0,0,0,0,3259,0
0,0,0,1,0,1,32591,0
1,0,0,49,21,170,326,1
0,0,0,12,8,65,3261,0
0,0,0,6,4,0,3264,0
0,0,0,23,7,108,32643,0
0,0,0,11,5,180,327,1
0,0,0,85,1,0,32728,0
0,0,0,5,2,0,32742,0
0,0,0,2,1,0,32784,0
0,0,0,20,17,122,328,1
1,0,0,2,1,26,3280,0
0,0,0,0,0,0,32830,0
1,0,0,24,7,112,329,1
2,1,0,6,0,6,32918,0
2,0,0,3,3,29,3293,0
0,0,0,2,1,0,33009,0
0,0,0,3,3,1,33050,0
3,0,1,61,56,197,331,1
0,0,0,17,10,0,3314,0
0,0,0,1,0,1,33140,0
0,0,0,0,0,0,33167,0
0,0,0,11,8,16,332,1
0,0,0,1,0,1,3322,0
1,1,1,2,1,0,33232,0
0,0,0,32,21,1,3326,0
0,0,0,5,5,10,3329,0
0,0,0,0,0,6,333,0
0,0,0,0,0,6,33376,0
0,0,0,5,2,0,33502,0
23,1,2,53,30,494,33579,0
0,0,0,2,1,0,3360,0
0,0,0,1,0,1,33625,0
0,0,0,1,0,0,3370,0
0,0,0,6,4,0,33715,0
0,0,0,0,0,0,33839,0
0,0,0,1,1,10,3384,0
0,0,1,1,0,1,33868,0
0,0,0,14,9,32,339,1
0,0,0,5,2,0,3391,0
1,0,0,14,9,17,3392,0
0,0,0,0,0,0,33929,0
0,0,0,8,6,0,3393,0
0,0,0,1,0,1,33937,0
0,0,0,54,10,7,3395,0
4,1,0,19,13,50,34,1
0,0,0,7,5,0,34018,0
1,0,0,10,6,16,3403,0
0,0,0,5,2,0,34037,0
0,0,0,2,0,0,34073,0
3,0,0,51,37,157,341,1
1,0,0,13,7,103,3411,0
0,0,0,1,0,0,34178,0
0,0,0,0,0,1,3418,0
6,0,0,24,8,66,342,1
0,0,0,0,0,0,34226,0
2,0,0,7,3,60,343,0
0,0,0,1,0,0,34309,0
0,0,0,1,0,4,3433,0
5,13,0,22,10,481,34367,0
3,0,0,59,40,65,344,1
0,0,0,5,4,19,34422,0
2,1,0,6,0,6,34450,0
0,0,0,16,13,0,3449,0
1,0,0,10,5,32,3453,0
0,0,1,2,1,0,34616,0
0,0,0,40,40,7,34617,0
0,0,0,1,0,0,3463,0
0,0,0,1,0,0,34662,0
1,0,0,44,27,148,347,1
0,0,0,2,1,0,34748,0
0,0,0,0,0,0,3478,0
0,0,0,0,0,6,34878,0
1,0,0,7,3,145,349,1
1,0,0,20,12,242,3490,0
2,1,0,6,0,6,34917,0
0,0,0,1,0,0,34943,0
0,0,0,18,12,0,34982,0
0,0,0,28,17,37,350,1
0,0,0,1,0,1,35016,0
2,1,0,6,0,6,35029,0
0,0,0,2,0,0,35046,0
0,0,0,4,2,0,35049,0
0,0,0,1,0,0,35083,0
2,0,0,31,21,44,351,1
0,0,0,24,8,25,3510,0
0,0,0,2,0,0,35150,0
0,0,0,1,0,0,35170,0
0,0,0,1,0,1,35183,0
0,0,0,5,2,0,35222,0
0,0,0,18,12,0,35235,0
0,0,0,1,0,0,35275,0
0,0,0,2,1,0,35333,0
1,1,0,8,4,11,35400,0
0,0,0,1,0,2,35483,0
0,0,0,1,0,0,3549,0
3,0,2,25,15,285,355,1
0,0,0,1,0,0,3554,0
2,1,0,6,0,6,35589,0
0,0,0,16,8,47,356,1
0,0,0,0,0,0,3562,0
0,0,0,1,0,0,35626,0
0,0,0,2,1,0,35667,0
0,0,0,0,0,0,35726,0
0,0,0,11,10,24,35784,0
0,0,0,1,0,1,35789,0
0,0,0,49,41,208,358,1
0,0,0,0,0,0,3580,0
2,0,0,20,14,90,3591,0
0,0,0,0,0,0,3599,0
2,0,2,41,11,64,36,1
0,0,0,13,5,40,360,1
0,0,0,1,1,0,36002,0
0,0,0,32,21,1,3602,0
0,0,1,20,9,19,36119,0
0,0,0,2,1,9,36162,0
0,0,0,0,0,0,3618,0
0,0,0,10,6,89,362,1
0,0,0,2,1,9,36221,0
0,0,0,14,9,23,3623,0
0,0,0,4,2,0,36237,0
0,0,0,5,5,10,3624,0
0,0,0,0,0,0,36311,0
0,0,0,1,0,1,36313,0
2,1,0,6,0,6,36360,0
0,0,0,1,0,0,36362,0
1,0,0,6,4,6,36396,0
2,0,0,44,25,110,364,1
0,0,0,0,0,1,3641,0
0,0,0,1,1,0,36422,0
0,0,0,2,1,0,36450,0
0,0,0,1,0,1,36456,0
0,0,0,0,0,1,36463,0
0,0,0,0,0,0,36480,0
0,0,0,1,0,0,3649,0
1,0,1,23,21,63,365,1
2,1,0,6,0,6,36555,0
2,0,0,1,1,78,3659,0
0,0,0,1,0,1,36627,0
1,0,0,27,25,58,3666,0
0,0,0,1,0,0,36694,0
1,0,0,48,27,200,367,1
0,0,0,10,10,0,36726,0
0,0,0,4,1,0,36741,0
1,1,1,39,26,12,36860,0
0,0,1,20,9,28,3695,0
2,0,0,34,9,91,37,1
1,0,0,10,8,141,370,1
0,0,0,0,0,0,37036,0
0,0,0,1,0,0,37077,0
1,0,0,5,3,8,3709,0
0,0,0,0,0,6,37104,0
0,0,1,24,21,4,37148,0
2,0,0,123,77,49,3716,0
1,0,0,6,4,4,37175,0
0,0,0,0,0,0,372,0
0,0,0,1,0,0,37202,0
0,0,1,0,0,0,373,1
0,0,0,2,1,9,37307,0
0,0,0,1,0,0,37372,0
0,0,0,1,0,0,3743,0
0,0,0,0,0,1,37453,0
1,0,0,4,3,7,3748,0
1,1,0,18,1,48,3751,0
0,0,0,5,2,0,37534,0
2,1,0,6,0,6,37625,0
0,0,0,0,0,0,37651,0
1,0,1,7,2,361,3766,0
0,0,0,1,0,0,3773,0
0,0,0,9,5,28,37741,0
2,1,0,6,0,6,37742,0
0,0,0,5,2,0,37757,0
0,0,0,11,4,55,3780,0
1,0,0,13,6,203,3782,0
0,0,0,10,10,0,37828,0
0,0,0,2,1,0,37835,0
1,0,0,17,9,38,3787,0
0,0,0,0,0,0,37930,0
0,0,1,17,5,0,37938,0
0,0,0,0,0,0,37953,0
0,0,0,1,0,0,3799,0
0,0,0,12,10,5,38,0
5,1,0,32,15,288,380,1
0,0,0,1,1,0,38000,0
0,0,0,2,1,0,38029,0
0,0,0,1,0,0,3803,0
0,0,0,2,1,0,38053,0
0,0,0,5,4,35,381,1
0,0,0,6,5,41,38145,0
1,0,0,6,4,7,3819,0
0,0,0,16,4,24,382,0
0,0,0,0,0,1,38207,0
1,0,1,9,6,84,3821,0
0,0,1,0,0,0,38275,0
0,0,0,1,0,1,3830,0
3,0,1,21,0,65,38310,0
0,0,0,1,0,0,38359,0
0,0,0,1,0,1,38387,0
0,0,0,1,0,0,3839,0
0,0,1,38,24,267,384,1
0,0,0,0,0,10,3843,0
0,0,0,39,30,66,3849,0
1,0,0,102,41,96,385,1
0,0,0,0,0,0,3850,0
1,0,0,3,2,1,38518,0
0,0,0,8,6,0,3853,0
0,0,0,5,2,0,38571,0
1,0,0,30,8,89,386,1
0,0,0,0,0,0,38626,0
0,0,0,0,0,0,3864,0
1,0,0,29,1,105,3872,0
0,0,0,3,3,5,38738,0
0,0,0,21,9,76,3877,0
0,0,1,16,10,313,38780,0
0,0,0,2,0,0,388,0
1,0,0,7,3,56,3880,0
0,0,1,1,0,1,38801,0
0,0,0,1,0,0,38815,0
0,0,0,1,0,0,3884,0
0,0,0,16,4,24,38846,0
0,0,0,1,0,1,3890,0
0,0,0,0,0,0,38941,0
0,0,0,5,2,0,38963,0
0,0,0,5,1,14,3898,0
0,0,0,2,1,0,38991,0
0,0,0,8,7,12,39,1
2,0,1,15,6,2089,390,1
0,0,0,8,6,0,3902,0
0,0,0,2,1,9,39061,0
0,0,0,0,0,0,39097,0
0,0,1,26,6,43,391,1
0,0,0,16,4,24,39121,0
0,0,0,5,2,0,39157,0
0,0,0,8,5,76,392,1
0,0,0,1,1,0,39221,0
0,0,0,1,0,1,39228,0
0,0,0,17,11,26,393,1
0,0,0,1,0,1,39332,0
0,0,0,1,0,0,39398,0
0,0,0,0,0,0,39419,0
0,0,0,1,0,0,39469,0
0,0,0,2,1,9,39479,0
0,0,0,2,1,9,39524,0
0,0,0,1,0,1,39530,0
0,0,0,0,0,0,3955,0
0,0,0,4,2,0,39581,0
0,0,0,0,0,4,39593,0
1,0,2,16,8,110,396,1
0,0,0,3,1,9,3967,0
0,0,0,1,0,2,39683,0
1,0,0,37,16,312,397,1
0,0,0,0,0,0,3971,0
0,0,0,0,0,0,3975,0
0,0,0,1,0,0,3976,0
0,0,1,13,2,5,3977,0
0,0,0,2,1,0,3978,0
2,1,0,6,0,6,39798,0
0,0,0,10,3,8,3981,0
0,0,0,1,0,1,39870,0
0,0,0,5,2,0,3988,0
1,0,0,41,30,226,399,1
0,0,0,4,0,0,3997,0
0,0,0,7,5,0,39992,0
0,0,0,1,0,0,40,0
0,0,0,8,4,0,40009,0
0,0,0,0,0,0,4004,0
0,0,0,37,27,36,40042,0
2,0,0,33,15,67,4008,0
0,0,0,1,0,1,40118,0
0,0,0,5,3,9,4017,0
2,1,0,6,0,6,402,0
0,0,0,5,2,0,40202,0
0,0,0,8,6,0,4022,0
0,0,0,7,1,196,40228,0
1,0,1,17,14,37,4032,0
2,1,0,6,0,6,4035,0
0,0,0,0,0,2,40393,0
0,0,0,1,0,0,40413,0
0,0,0,5,2,0,40467,0
2,0,3,53,23,151,405,1
0,0,0,1,0,1,40538,0
0,0,0,13,11,0,40548,0
0,0,0,1,0,0,4057,0
0,0,1,10,5,70,406,1
0,0,0,1,0,0,40625,0
0,0,0,3,1,0,40663,0
0,0,0,1,0,0,4067,0
2,2,0,13,6,185,407,1
0,0,0,7,3,19,4071,0
0,0,0,0,0,0,40713,0
0,0,0,1,0,0,40722,0
0,0,0,2,1,9,40767,0
0,0,0,6,6,1,4078,0
0,0,1,16,10,313,40797,0
0,0,0,26,14,240,408,1
0,0,0,2,1,0,4081,0
0,0,0,0,0,0,40819,0
2,0,2,21,14,217,4083,0
1,0,1,39,25,92,4085,0
0,0,0,18,12,0,40859,0
0,0,1,37,23,114,409,1
0,0,0,1,1,0,40909,0
0,0,0,1,0,0,40980,0
0,0,0,2,1,1,40993,0
2,0,0,34,9,92,410,1
0,0,0,0,0,0,4102,0
0,0,0,0,0,0,4110,0
0,0,0,39,26,59,4114,0
2,0,0,16,11,249,412,1
0,0,0,1,0,1,41213,0
0,0,0,1,0,10,41216,0
2,1,0,6,0,6,41221,0
0,0,0,1,0,0,41241,0
0,0,1,2,1,0,41290,0
0,0,0,2,1,0,4131,0
0,0,0,0,0,0,4134,0
0,0,0,0,0,0,414,0
1,0,0,0,0,0,41427,0
0,1,0,0,0,0,41445,0
0,0,0,4,2,0,41456,0
0,0,0,0,0,1,41491,0
0,0,0,6,4,96,415,1
0,0,0,1,0,0,41500,0
0,0,1,15,8,22,4151,0
0,0,0,2,1,0,41513,0
0,0,0,1,0,0,4154,0
2,1,0,6,0,6,41540,0
2,1,0,6,0,6,41575,0
0,0,0,1,0,0,41576,0
0,0,0,23,11,42,4160,0
0,0,0,0,0,0,41652,0
0,0,0,0,0,0,41693,0
2,0,0,0,0,0,41736,0
1,0,1,19,7,100,418,1
3,0,1,21,0,65,41813,0
2,0,4,71,43,251,419,1
0,0,0,1,0,1,41963,0
0,0,0,0,0,6,41966,0
4,1,0,52,27,88,420,1
0,0,0,2,2,6,42063,0
0,0,0,2,1,0,42089,0
0,0,0,2,1,0,42101,0
0,0,1,2,1,0,42109,0
0,0,0,0,0,6,42124,0
0,0,0,0,0,6,42245,0
0,0,0,0,0,0,42251,0
0,0,0,15,7,56,423,1
0,0,0,0,0,0,42368,0
0,0,0,2,1,0,42384,0
0,0,0,2,1,0,42420,0
0,0,0,5,2,0,42433,0
0,1,0,4,1,0,42482,0
0,0,0,5,2,0,42513,0
0,0,0,2,1,0,42576,0
6,0,1,60,26,168,426,1
0,0,0,2,1,9,42664,0
5,0,0,40,23,136,427,1
0,0,0,2,1,0,42776,0
0,0,2,28,20,62,429,1
0,0,0,0,0,0,42906,0
0,0,0,1,1,0,42908,0
0,0,0,5,2,0,42977,0
0,0,0,2,1,0,43019,0
0,0,0,16,4,24,43021,0
1,0,0,4,3,59,431,1
1,0,0,41,27,223,43106,0
0,0,0,2,1,9,43166,0
0,0,0,0,0,1,43259,0
2,0,1,62,16,647,433,1
0,0,1,12,2,0,43313,0
0,0,0,1,0,1,43323,0
2,1,0,6,0,6,43368,0
0,0,0,5,2,0,43424,0
0,0,0,18,10,25,435,1
2,0,0,30,15,48,436,0
0,0,0,5,2,0,43600,0
0,0,0,1,0,0,43623,0
0,0,0,1,0,0,43632,0
0,0,0,16,4,24,43687,0
1,0,0,9,4,144,437,1
0,3,1,13,8,100,43770,0
2,1,0,6,0,6,43789,0
0,0,1,22,13,162,438,1
0,0,0,0,0,1,43812,0
0,0,0,4,1,19,43820,0
0,0,1,45,18,139,43863,0
0,0,0,0,0,0,43949,0
0,0,0,2,1,9,43963,0
2,1,0,23,14,335,44,1
0,0,0,0,0,1,44135,0
0,0,0,1,0,0,44143,0
1,0,0,26,17,77,442,1
0,0,0,16,4,24,44233,0
0,0,0,1,0,0,44251,0
0,0,0,0,0,0,44389,0
0,0,0,0,0,0,44401,0
0,0,0,1,0,1,44421,0
0,0,0,2,1,0,44486,0
0,0,0,1,0,0,44510,0
0,0,0,2,1,0,44642,0
3,0,0,42,35,145,44667,0
0,0,0,0,0,6,44698,0
0,0,0,24,14,253,447,1
0,0,0,1,0,0,44730,0
0,0,0,0,0,0,44740,0
0,0,0,3,2,0,44777,0
2,0,0,3,3,169,448,1
0,0,0,13,3,0,44802,0
0,0,1,2,1,0,44851,0
0,0,0,2,1,9,44881,0
0,0,1,2,1,0,44892,0
3,0,0,8,6,208,449,1
0,0,0,1,0,0,44925,0
0,0,0,5,2,0,45008,0
0,0,0,10,10,0,45021,0
1,0,0,8,5,16,45041,0
1,0,0,10,7,73,451,1
0,0,0,6,3,3,452,1
0,0,0,1,0,0,45224,0
0,0,0,0,0,0,45271,0
0,0,0,5,2,0,45306,0
0,0,1,0,0,0,45311,0
0,0,0,4,2,0,45474,0
0,0,0,35,25,48,455,1
0,0,0,3,1,0,45506,0
0,0,0,11,6,1,45587,0
0,0,0,0,0,0,45597,0
0,0,0,0,0,3,45618,0
0,0,0,5,2,0,45678,0
0,0,0,2,1,0,45691,0
2,1,0,6,0,6,45693,0
0,0,0,0,0,0,45776,0
0,0,0,2,1,0,45791,0
1,0,0,26,24,40,458,1
2,0,0,2,2,51,45857,0
0,0,1,1,0,1,45898,0
0,0,0,1,0,0,45900,0
0,0,0,2,1,9,45921,0
0,0,0,0,0,0,45925,0
2,0,0,37,20,27,460,1
0,0,0,6,4,0,46084,0
1,0,0,20,11,397,462,1
0,0,0,1,0,1,46333,0
2,1,0,6,0,6,46336,0
0,0,0,0,0,0,46393,0
1,0,1,27,11,257,464,1
0,0,0,0,0,6,46411,0
0,0,0,1,0,1,46492,0
0,0,0,7,7,1,46493,0
1,0,5,78,39,218,465,1
0,0,0,2,1,0,46502,0
0,0,0,13,9,127,466,1
0,0,0,0,0,0,46630,0
0,0,0,0,0,0,46708,0
0,0,0,2,1,0,46737,0
0,0,1,0,0,0,46753,0
1,0,0,19,4,3,46789,0
0,0,0,54,29,100,468,1
0,0,0,1,0,2,46862,0
0,0,0,1,0,0,46869,0
0,0,0,1,0,0,46898,0
0,0,0,18,13,33,46962,0
0,0,0,2,1,0,46968,0
0,0,0,0,0,15,4699,0
0,0,0,4,3,25,46993,0
0,0,0,7,5,40,47,1
0,0,1,12,2,0,47029,0
0,0,0,2,2,2,4703,0
0,0,1,1,0,1,47045,0
1,0,2,15,5,90,471,1
0,0,0,8,6,0,4711,0
0,0,0,1,0,0,47152,0
0,0,0,2,1,9,47189,0
0,0,0,0,0,0,4719,0
0,0,5,16,10,210,472,1
0,0,0,1,0,1,47205,0
0,0,0,3,2,0,47224,0
1,0,2,80,38,152,47249,0
0,0,1,9,3,159,47274,0
1,0,0,28,19,40,4728,0
3,0,3,28,11,152,473,1
0,0,0,0,0,0,47341,0
0,0,0,18,11,12,4736,0
1,0,0,7,5,2,47387,0
0,0,1,14,5,243,474,1
0,0,0,2,1,1,47402,0
0,0,0,1,0,0,47403,0
0,0,0,18,12,0,47428,0
0,0,0,0,0,0,4752,0
0,0,0,0,0,0,4756,0
0,0,0,8,7,0,47587,0
0,0,0,0,0,0,47620,0
1,0,0,69,24,80,477,1
4,1,1,18,4,388,4772,0
0,0,0,2,1,0,47722,0
0,0,0,0,0,6,47783,0
0,0,0,15,7,0,47803,0
0,0,0,8,5,32,4783,0
0,0,0,1,0,0,4784,0
0,0,0,2,1,0,4786,0
0,0,0,4,1,32,479,1
0,0,0,1,0,0,47903,0
0,0,0,8,8,30,4792,0
0,0,1,2,1,0,47927,0
0,0,0,0,0,0,47981,0
0,0,0,1,0,1,47998,0
1,0,1,29,19,72,48,1
0,0,0,1,0,0,4801,0
0,0,0,5,2,0,48089,0
0,0,0,1,1,10,481,0
0,0,0,4,2,0,48108,0
0,0,0,0,0,0,48166,0
1,0,0,25,18,273,482,0
0,0,0,0,0,6,48215,0
0,0,0,0,0,0,48370,0
2,1,0,6,0,6,48373,0
0,0,0,1,0,0,48380,0
0,0,0,2,1,0,48559,0
0,0,0,1,0,1,48632,0
0,0,0,1,0,1,48673,0
0,0,0,2,1,0,48727,0
0,0,1,56,34,68,488,1
0,0,0,6,4,0,48887,0
0,0,0,14,12,82,489,1
0,0,0,0,0,0,48949,0
0,0,0,6,5,38,49,1
2,0,1,28,17,74,490,1
0,0,0,1,0,1,49045,0
0,0,0,0,0,0,49083,0
0,0,0,5,2,0,49096,0
0,0,0,2,1,0,49134,0
0,0,0,0,0,0,49142,0
0,0,0,22,9,22,49176,0
2,0,2,69,18,83,492,1
0,0,0,1,0,0,49242,0
0,0,0,1,0,0,49261,0
0,0,0,2,1,9,49315,0
0,0,0,16,4,24,49326,0
0,0,0,0,0,0,49393,0
0,0,0,1,0,1,49413,0
0,0,0,0,0,0,49421,0
0,0,0,0,0,0,49438,0
0,0,0,2,1,0,49497,0
1,0,0,8,4,6,49507,0
0,0,0,4,2,0,49538,0
0,0,1,4,0,6,49544,0
0,0,0,10,10,0,49552,0
0,0,1,2,1,0,49563,0
0,0,0,1,1,0,49584,0
0,0,1,38,26,36,496,1
2,0,4,3,1,161,497,1
0,0,0,2,2,0,49701,0
0,0,0,1,0,0,49766,0
0,0,0,1,0,0,49901,0
1,0,3,28,9,85,5,1
2,0,1,31,5,42,500,1
1,0,0,107,59,516,501,1
0,0,0,1,0,0,50116,0
0,0,0,0,0,0,50283,0
4,0,1,75,20,438,503,1
0,0,0,1,0,0,50310,0
2,0,4,49,30,145,504,1
0,0,1,14,8,124,505,1
0,0,0,1,0,0,50508,0
0,0,0,1,0,0,50522,0
3,0,0,21,15,50,506,1
0,0,0,8,0,0,50664,0
2,1,0,6,0,6,50702,0
2,1,0,6,0,6,50703,0
0,0,0,0,0,0,50782,0
1,0,0,17,13,68,510,1
0,0,0,1,0,0,51008,0
2,0,0,15,10,53,51030,0
0,0,0,2,1,9,51049,0
0,0,0,0,0,0,51057,0
0,0,0,6,3,17,511,1
1,0,0,3,2,1,51132,0
0,0,0,7,7,1,51226,0
2,1,0,6,0,6,51242,0
2,1,0,6,0,6,51257,0
2,0,3,11,7,208,513,1
0,0,0,1,1,0,51319,0
0,0,0,6,5,0,51326,0
0,0,0,0,0,6,51439,0
0,0,0,2,1,9,51531,0
0,0,0,1,0,1,516,0
0,0,0,1,0,1,51655,0
0,0,0,24,17,147,517,1
0,0,0,1,0,0,51780,0
0,0,0,2,1,0,51786,0
0,0,0,2,1,0,51850,0
3,1,0,18,14,69,519,1
0,0,0,4,2,0,51920,0
0,0,0,1,0,1,51963,0
0,0,0,0,0,6,51965,0
0,0,0,3,1,1,51977,0
0,0,0,1,0,1,51999,0
5,0,1,83,18,445,52,1
0,0,0,1,0,0,52032,0
0,0,0,0,0,0,52036,0
0,0,0,1,1,0,52078,0
0,0,0,11,6,5,52086,0
4,0,1,46,17,58,521,1
0,0,0,1,0,0,52101,0
0,0,0,2,2,20,52111,0
0,0,0,1,0,1,52112,0
0,0,1,0,0,4,52190,0
0,0,0,4,2,0,52257,0
0,0,1,4,0,6,52260,0
0,0,0,0,0,0,52262,0
0,0,0,1,1,0,52303,0
0,0,0,7,4,0,52310,0
0,0,0,44,28,4,52326,0
0,0,0,0,0,0,52340,0
0,0,0,2,1,0,52368,0
0,0,0,1,0,0,52490,0
0,0,1,7,3,111,525,1
0,0,0,0,0,1,52509,0
0,0,0,0,0,0,52517,0
2,1,0,6,0,6,52699,0
1,0,0,14,7,154,527,1
0,0,0,1,0,1,52701,0
0,0,0,1,0,1,52759,0
0,0,0,16,4,24,52774,0
0,0,0,6,5,0,52791,0
0,0,0,1,0,0,52792,0
1,0,1,32,20,193,528,1
0,0,0,1,0,1,52816,0
0,0,0,0,0,0,52829,0
0,0,0,5,2,0,52830,0
0,0,0,0,0,0,52836,0
0,0,0,1,0,0,52868,0
2,1,0,6,0,6,52885,0
0,0,0,0,0,0,52976,0
0,0,0,0,0,0,52982,0
0,0,0,1,0,0,52995,0
0,0,0,10,6,110,530,1
0,0,0,4,2,0,53071,0
0,0,0,2,1,0,53090,0
0,0,0,6,4,0,53098,0
0,0,0,0,0,0,53199,0
0,0,0,4,2,0,53263,0
2,0,0,5,5,1,53305,0
2,1,0,6,0,6,53342,0
0,0,0,2,1,0,53368,0
0,0,1,2,1,0,53374,0
1,0,1,26,18,85,534,1
0,0,0,0,0,0,53411,0
0,0,0,0,0,6,53435,0
0,0,0,0,0,0,53463,0
0,0,0,2,1,0,53494,0
0,0,0,2,1,9,53519,0
2,0,0,14,9,171,536,1
0,0,0,16,4,24,53699,0
2,0,0,24,4,204,537,1
0,0,0,5,2,0,53706,0
1,1,0,0,0,3,53735,0
0,0,0,1,1,0,53761,0
0,0,0,18,1,71,53764,0
0,0,1,1,0,1,53786,0
0,0,1,2,1,0,53805,0
0,0,0,4,2,0,53859,0
0,0,1,2,1,0,53873,0
0,0,0,0,0,10,53899,0
1,0,0,15,11,257,539,1
0,0,0,1,0,0,53949,0
0,0,0,11,10,0,53961,0
0,0,0,1,0,1,53969,0
1,0,0,11,4,354,54,1
1,0,0,7,4,44,540,1
0,0,1,2,1,0,54051,0
0,0,0,4,2,0,54061,0
2,0,0,15,11,80,541,1
0,0,0,5,2,0,54100,0
0,0,0,2,1,9,54266,0
0,0,0,1,0,0,54271,0
1,0,1,36,8,54,543,1
0,0,0,0,0,0,54347,0
0,0,0,1,0,0,54366,0
0,0,0,16,14,5,544,1
4,0,1,47,14,364,545,1
7,0,0,110,45,625,546,1
2,0,1,7,5,131,550,1
1,0,0,28,23,152,551,1
1,0,0,24,15,1005,553,1
2,0,1,56,4,209,554,1
2,0,1,49,47,219,555,1
3,0,1,23,4,82,558,1
1,0,0,7,4,193,56,1
0,0,0,1,0,0,561,0
0,0,0,12,2,10,562,1
0,0,0,9,7,140,563,1
0,0,0,15,12,35,565,1
2,0,1,56,16,325,567,1
1,0,0,6,5,35,568,1
2,0,0,47,23,464,57,1
3,0,1,143,92,208,571,1
3,0,0,4,3,167,572,1
7,2,0,102,35,260,574,1
4,0,0,32,6,501,578,1
0,0,1,0,0,32,579,1
1,0,0,7,4,146,582,1
2,0,0,25,13,213,585,1
3,0,0,14,10,88,586,1
0,0,0,0,0,0,588,0
0,0,0,0,0,27,59,1
2,0,1,92,62,119,590,1
3,0,0,44,18,106,592,1
0,0,1,18,9,80,595,1
1,0,0,12,4,111,596,1
1,0,1,29,18,189,597,1
1,0,0,4,4,38,598,1
2,0,0,47,38,139,599,1
1,0,1,12,9,98,6,1
0,0,0,4,2,0,60,0
4,0,0,33,8,69,600,1
1,0,0,59,37,313,602,1
1,0,1,24,16,148,603,1
4,0,1,19,14,238,604,1
1,0,1,13,9,61,605,1
0,0,0,7,7,51,607,0
0,0,0,16,14,82,609,1
1,0,1,11,6,343,610,1
0,0,0,10,9,44,611,1
2,0,1,27,21,168,612,1
1,0,1,29,22,145,613,1
3,0,0,266,8,408,614,1
0,0,0,39,21,51,616,1
0,0,0,0,0,0,619,0
0,0,0,8,2,28,62,1
0,0,1,50,8,111,620,1
1,0,1,32,18,64,625,1
2,0,0,29,20,25,626,1
2,0,1,3,2,121,627,1
2,0,0,55,33,318,63,1
1,0,0,8,4,64,631,1
0,0,1,10,5,90,632,1
0,0,2,13,9,203,633,1
1,0,0,12,11,95,634,1
1,0,1,29,7,336,635,1
1,0,2,17,3,223,637,1
5,0,2,53,23,71,638,1
2,0,0,26,16,159,64,1
2,0,1,11,7,145,641,1
2,0,0,34,19,95,642,1
1,0,0,33,25,51,648,1
2,0,1,45,29,83,649,1
1,0,2,8,3,73,65,1
0,0,0,15,7,62,650,1
0,0,0,5,3,0,652,1
2,0,0,5,2,386,654,1
7,0,0,52,22,371,656,1
2,0,1,19,16,131,657,1
1,0,1,42,17,278,658,1
1,0,0,30,7,379,659,1
1,0,1,11,6,42,66,1
1,0,1,35,9,573,660,1
3,0,0,10,4,1239,661,1
0,0,0,0,0,0,662,0
0,0,0,4,4,12,663,1
0,0,0,15,8,260,664,1
0,0,0,12,8,47,665,1
1,0,0,44,28,85,666,1
2,0,1,19,10,224,667,1
5,0,0,68,15,496,668,1
1,0,0,26,16,368,669,1
0,0,5,17,10,578,67,1
1,0,0,45,41,93,670,1
0,0,1,16,1,44,671,1
2,0,1,24,11,127,672,1
0,0,0,31,8,14,673,1
1,0,1,32,18,124,674,1
3,0,0,89,7,417,676,1
1,0,0,19,17,414,677,1
0,0,1,42,18,152,678,0
0,0,4,22,5,169,679,1
0,0,0,17,7,303,68,1
0,0,0,5,3,35,680,1
0,0,0,0,0,0,682,0
2,0,1,11,5,83,683,1
6,0,1,79,41,224,684,1
1,0,0,25,17,18,685,1
5,0,0,80,24,706,686,1
1,0,0,8,6,450,688,1
8,0,1,48,12,85,691,0
0,0,1,15,9,62,693,1
1,0,0,7,4,54,694,1
1,0,1,13,7,128,696,1
0,0,0,0,0,0,697,0
2,1,1,11,3,361,699,1
1,0,1,18,10,58,7,1
1,0,0,6,4,9,70,0
0,0,0,2,1,58,700,1
1,0,0,19,8,45,702,1
0,0,2,17,5,26,7021,0
1,0,0,14,9,11,7022,0
5,0,0,35,21,73,7030,0
0,0,0,0,0,0,7033,0
0,0,0,26,14,46,704,1
0,0,0,13,13,36,705,1
0,0,0,15,9,71,706,1
0,0,0,1,0,0,7066,0
1,0,0,23,12,64,7068,0
0,0,0,1,0,1,708,0
1,0,0,3,1,0,71,1
5,0,0,74,46,75,7101,0
1,0,0,22,17,49,7107,0
1,0,0,8,8,42,711,1
0,0,0,1,0,0,7121,0
0,0,0,0,0,0,7125,0
0,0,0,42,25,47,7126,0
3,0,0,33,19,193,713,1
1,0,1,26,22,75,714,1
0,0,0,0,0,0,7143,0
0,0,0,5,4,8,7144,0
0,0,0,14,6,85,715,1
0,0,2,11,4,12,7154,0
1,0,1,41,19,121,716,1
1,0,0,58,55,125,717,1
2,1,0,37,22,139,718,1
0,0,0,0,0,0,719,0
0,0,0,8,6,0,72,0
1,0,1,39,12,72,720,1
3,1,0,23,13,40,721,1
1,0,0,19,13,22,722,1
3,0,1,31,17,144,723,1
0,0,0,1,0,1,7239,0
3,0,0,12,8,16,7244,0
4,0,1,10,3,551,725,1
0,0,0,4,2,0,7254,0
31,0,1,53,19,362,7257,0
0,0,0,2,0,148,726,1
0,0,1,3,1,0,7262,0
1,0,2,22,12,295,727,1
0,0,0,1,0,0,7275,0
0,0,0,1,0,0,7296,0
0,0,0,1,0,0,7297,0
0,0,0,8,6,0,7299,0
2,0,1,36,6,161,730,1
0,0,0,56,52,41,7305,0
1,0,0,11,4,319,733,1
2,0,0,34,19,62,7330,0
1,0,1,18,12,259,734,1
0,0,0,6,2,63,7341,0
0,0,0,50,38,137,7342,0
0,0,0,1,0,1,7347,0
1,0,1,17,16,73,7362,0
0,0,0,0,0,0,7377,0
1,0,0,6,4,5,7386,0
0,0,0,2,1,0,7399,0
1,1,1,40,30,154,740,1
0,0,0,1,0,0,7400,0
0,0,0,1,0,1,7404,0
2,0,0,27,18,112,742,1
0,0,0,5,3,8,7426,0
3,0,0,12,6,748,743,1
0,0,0,0,0,0,7438,0
0,0,1,17,13,83,745,1
0,0,0,0,0,0,7450,0
0,0,0,4,1,0,7452,0
0,0,0,0,0,0,7460,0
0,0,0,0,0,3,7491,0
0,0,0,13,8,114,75,1
2,0,0,10,6,117,7503,0
0,0,0,1,0,0,7510,0
6,0,0,77,19,81,752,1
0,0,1,38,13,53,753,1
0,0,0,1,0,0,7534,0
0,0,0,1,1,0,7536,0
0,0,0,17,12,2,7538,0
0,0,1,4,3,89,754,1
0,0,0,6,6,39,755,1
0,0,0,0,0,0,7553,0
0,0,1,40,20,251,756,1
0,0,0,4,2,1,7566,0
1,0,0,31,21,111,757,1
3,1,1,26,7,571,758,1
2,0,2,9,5,15,7589,0
1,0,0,24,2,70,7591,0
0,0,0,0,0,0,7597,0
0,0,1,36,23,177,76,1
0,0,0,1,0,0,7608,0
1,0,1,13,5,35,7612,0
0,0,0,25,7,6,7618,0
1,0,0,10,4,2,7629,0
0,0,0,2,1,34,763,1
1,0,1,10,7,13,764,1
2,0,0,48,32,47,7644,0
0,0,0,1,0,0,7647,0
0,0,0,6,5,11,7648,0
1,0,1,4,2,217,765,1
0,0,0,55,11,8,7652,0
0,0,0,2,0,2,7654,0
2,0,1,110,56,76,767,1
0,0,1,48,30,258,768,1
0,0,1,8,5,0,7680,0
2,1,0,6,0,6,7683,0
0,0,0,0,0,0,7696,0
0,0,2,23,22,110,7701,0
0,0,0,2,1,0,7706,0
27,0,0,8,2,156,7708,0
1,0,1,8,5,106,771,1
0,0,0,2,1,0,7711,0
0,0,0,2,1,9,7714,0
2,0,1,42,38,433,772,1
0,0,0,32,21,1,7722,0
0,0,0,15,15,18,7730,0
1,0,0,16,15,145,774,1
0,0,0,1,0,0,7743,0
0,0,1,14,4,59,7748,0
0,0,0,21,14,43,775,1
0,0,0,0,0,0,776,0
0,0,0,13,7,0,7762,0
1,0,1,28,13,45,777,1
2,2,0,35,0,365,778,1
0,0,0,1,0,0,7782,0
0,0,1,8,4,479,780,1
0,0,1,3,3,0,7803,0
0,0,0,1,0,0,7817,0
0,0,0,0,0,0,7833,0
2,0,0,32,23,154,784,1
0,0,0,0,0,0,7848,0
0,0,0,12,4,84,785,1
9,2,0,52,27,194,786,1
0,0,0,4,2,39,788,1
0,0,0,10,5,9,7880,0
0,0,0,8,6,0,7883,0
0,0,1,10,7,28,7894,0
0,0,0,2,1,0,7899,0
1,0,0,56,19,51,79,1
0,0,0,0,0,0,7906,0
2,0,0,8,6,114,791,1
0,0,0,16,14,38,7910,0
0,0,0,3,2,26,792,1
0,0,0,1,1,0,7926,0
2,0,0,72,40,111,793,0
2,0,1,81,51,221,794,1
1,0,0,34,28,70,795,1
1,0,1,46,28,49,7951,0
0,0,0,2,1,0,7952,0
1,0,1,3,1,39,796,1
0,0,0,10,8,0,797,0
1,0,0,60,37,273,798,1
0,0,0,6,5,39,7981,0
0,0,1,30,27,34,8,1
2,0,1,21,7,117,80,1
0,0,1,35,21,191,800,1
1,0,3,29,9,111,801,1
8,0,1,55,19,308,8010,0
0,0,0,0,0,0,802,0
0,0,0,16,11,46,8023,0
1,0,0,5,1,62,8025,0
0,0,0,1,0,0,803,1
2,0,0,58,43,48,804,1
1,0,1,7,3,18,8051,0
0,0,0,20,12,31,807,1
1,0,0,12,1,63,8071,0
0,0,0,0,0,0,8077,0
0,0,0,6,4,14,809,1
0,0,0,2,1,9,812,0
16,2,5,36,15,194,814,1
1,0,1,8,4,131,816,1
1,0,0,0,0,257,818,1
1,0,3,19,14,53,82,1
0,0,0,2,1,0,820,0
1,0,0,21,20,12,822,1
1,0,0,37,29,190,823,1
0,0,0,22,9,3,827,0
2,0,0,29,16,26,829,1
0,0,0,2,1,0,830,0
4,1,1,75,35,379,832,1
3,0,2,57,19,94,834,1
7,1,0,64,31,185,835,1
2,0,0,16,9,73,836,1
0,0,0,7,0,52,838,1
1,0,0,1,0,20,843,1
3,1,0,10,10,63,844,1
0,0,0,0,0,6,845,0
2,0,0,5,4,114,846,1
0,0,1,10,9,33,847,1
0,0,1,25,11,119,848,1
1,0,0,44,39,195,849,1
1,0,0,30,14,99,85,1
4,0,1,59,36,149,850,1
0,0,1,22,4,40,852,1
0,0,0,8,6,0,853,0
3,0,1,17,14,220,854,1
0,0,1,11,8,86,857,1
2,0,0,43,17,100,860,1
0,0,0,0,0,0,861,1
2,0,0,4,3,149,862,1
0,0,0,2,1,0,866,1
1,0,2,37,23,110,867,1
1,0,0,31,13,101,869,1
1,0,0,0,0,41,870,1
0,0,0,1,0,0,872,0
0,0,0,3,2,39,873,1
0,0,0,14,7,43,874,1
1,0,0,60,34,38,876,1
1,0,1,11,3,157,877,1
1,0,1,36,12,154,878,1
2,0,0,11,5,124,879,1
4,0,1,20,13,265,880,1
1,0,1,12,6,33,881,1
3,0,1,11,3,30,882,1
1,0,0,8,5,43,885,1
3,1,1,25,6,158,886,1
1,0,0,20,17,379,89,1
3,0,0,72,41,229,897,1
1,0,0,145,140,162,898,1
0,0,0,33,21,16,90,1
2,0,1,9,6,35,903,1
1,0,0,19,15,267,907,1
0,0,0,34,13,35,909,1
0,0,0,27,18,5,910,1
1,0,0,0,0,47,912,1
1,0,0,16,10,195,914,1
1,0,0,29,19,116,920,1
1,0,0,29,19,64,921,1
24,4,0,73,24,311,924,1
1,0,1,66,28,79,926,1
2,0,2,3,2,25,929,1
0,0,1,8,8,18,930,1
0,0,0,4,4,0,932,1
4,0,1,19,4,101,933,1
5,1,0,53,26,223,934,1
0,0,0,1,0,0,935,1
2,0,2,24,14,150,937,1
2,2,0,15,7,26,938,1
1,0,0,37,19,147,939,1
1,0,1,19,5,59,94,1
1,0,0,14,5,46,941,1
0,0,0,13,11,57,942,1
0,0,1,24,14,46,943,1
1,0,1,13,8,103,945,1
3,0,1,13,3,774,946,1
1,0,1,13,8,39,947,1
0,0,1,8,5,59,95,1
0,0,0,11,8,177,950,1
2,0,1,19,6,109,951,1
4,0,2,27,13,520,952,1
1,0,0,0,0,97,955,1
1,0,1,3,1,49,956,1
0,0,0,2,1,6,957,0
0,0,0,4,1,98,958,1
2,0,1,10,4,233,959,1
0,0,0,0,0,0,960,0
3,0,1,15,11,112,962,1
0,0,0,1,0,0,964,1
0,0,0,1,0,0,967,1
2,0,0,21,13,161,968,1
2,0,1,28,8,188,969,1
3,0,0,31,15,190,97,1
1,0,0,2,1,105,971,1
1,0,0,3,1,78,973,1
1,0,0,47,20,61,974,1
0,0,0,26,23,23,976,1
1,0,0,18,16,104,98,1
0,0,0,26,5,173,982,1
1,0,0,30,28,56,983,1
2,1,0,24,18,97,984,1
0,0,0,20,11,97,989,1
0,0,0,12,10,55,99,1
0,0,0,5,2,9,992,1
1,0,1,11,7,19,993,1
0,0,0,10,4,24,994,1
0,0,0,2,2,541,995,1
0,0,0,51,42,36,996,1
2,0,0,6,4,91,997,1
0,0,0,0,0,29,998,1
2,0,0,16,13,65,999,1
